钻孔编号,X坐标,Y坐标,地面标高,钻孔深度,土层编号,土层名称,层顶深度,层底深度,土层类型,颜色代码,材料参数
BH001,-127.5,-140.7,26.2,30,1,人工填土,2.3,0.0,填土,#FF6B6B,loose
BH001,-127.5,-140.7,26.2,30,2,淤泥质土,7.6,2.3,软土,#4ECDC4,soft
BH001,-127.5,-140.7,26.2,30,3,粉质粘土,13.7,7.6,粘土,#45B7D1,clay
BH001,-127.5,-140.7,26.2,30,4,细砂,19.2,13.7,砂土,#96CEB4,sand
BH001,-127.5,-140.7,26.2,30,5,中砂,23.9,19.2,砂土,#FECA57,sand
BH001,-127.5,-140.7,26.2,30,6,粗砂,28.1,23.9,砂土,#FF9FF3,sand
BH001,-127.5,-140.7,26.2,30,7,砾石层,30.0,28.1,砾石,#54A0FF,gravel
BH002,-112.9,-126.6,26.4,30,1,人工填土,2.4,0.0,填土,#FF6B6B,loose
BH002,-112.9,-126.6,26.4,30,2,淤泥质土,7.6,2.4,软土,#4ECDC4,soft
BH002,-112.9,-126.6,26.4,30,3,粉质粘土,13.6,7.6,粘土,#45B7D1,clay
BH002,-112.9,-126.6,26.4,30,4,细砂,18.3,13.6,砂土,#96CEB4,sand
BH002,-112.9,-126.6,26.4,30,5,中砂,23.2,18.3,砂土,#FECA57,sand
BH002,-112.9,-126.6,26.4,30,6,粗砂,27.4,23.2,砂土,#FF9FF3,sand
BH002,-112.9,-126.6,26.4,30,7,砾石层,30.0,27.4,砾石,#54A0FF,gravel
BH003,-78.6,-142.4,26.7,30,1,人工填土,2.8,0.0,填土,#FF6B6B,loose
BH003,-78.6,-142.4,26.7,30,2,淤泥质土,7.6,2.8,软土,#4ECDC4,soft
BH003,-78.6,-142.4,26.7,30,3,粉质粘土,13.8,7.6,粘土,#45B7D1,clay
BH003,-78.6,-142.4,26.7,30,4,细砂,18.8,13.8,砂土,#96CEB4,sand
BH003,-78.6,-142.4,26.7,30,5,中砂,23.5,18.8,砂土,#FECA57,sand
BH003,-78.6,-142.4,26.7,30,6,粗砂,27.6,23.5,砂土,#FF9FF3,sand
BH003,-78.6,-142.4,26.7,30,7,砾石层,30.0,27.6,砾石,#54A0FF,gravel
BH004,-47.5,-130.9,26.3,30,1,人工填土,2.8,0.0,填土,#FF6B6B,loose
BH004,-47.5,-130.9,26.3,30,2,淤泥质土,7.8,2.8,软土,#4ECDC4,soft
BH004,-47.5,-130.9,26.3,30,3,粉质粘土,14.7,7.8,粘土,#45B7D1,clay
BH004,-47.5,-130.9,26.3,30,4,细砂,20.0,14.7,砂土,#96CEB4,sand
BH004,-47.5,-130.9,26.3,30,5,中砂,24.7,20.0,砂土,#FECA57,sand
BH004,-47.5,-130.9,26.3,30,6,粗砂,29.1,24.7,砂土,#FF9FF3,sand
BH004,-47.5,-130.9,26.3,30,7,砾石层,30.0,29.1,砾石,#54A0FF,gravel
BH005,-10.0,-137.1,26.3,30,1,人工填土,2.1,0.0,填土,#FF6B6B,loose
BH005,-10.0,-137.1,26.3,30,2,淤泥质土,6.7,2.1,软土,#4ECDC4,soft
BH005,-10.0,-137.1,26.3,30,3,粉质粘土,13.2,6.7,粘土,#45B7D1,clay
BH005,-10.0,-137.1,26.3,30,4,细砂,18.0,13.2,砂土,#96CEB4,sand
BH005,-10.0,-137.1,26.3,30,5,中砂,22.9,18.0,砂土,#FECA57,sand
BH005,-10.0,-137.1,26.3,30,6,粗砂,27.3,22.9,砂土,#FF9FF3,sand
BH005,-10.0,-137.1,26.3,30,7,砾石层,30.0,27.3,砾石,#54A0FF,gravel
BH006,21.9,-140.7,25.4,30,1,人工填土,2.9,0.0,填土,#FF6B6B,loose
BH006,21.9,-140.7,25.4,30,2,淤泥质土,8.2,2.9,软土,#4ECDC4,soft
BH006,21.9,-140.7,25.4,30,3,粉质粘土,14.9,8.2,粘土,#45B7D1,clay
BH006,21.9,-140.7,25.4,30,4,细砂,20.4,14.9,砂土,#96CEB4,sand
BH006,21.9,-140.7,25.4,30,5,中砂,25.4,20.4,砂土,#FECA57,sand
BH006,21.9,-140.7,25.4,30,6,粗砂,29.8,25.4,砂土,#FF9FF3,sand
BH006,21.9,-140.7,25.4,30,7,砾石层,30.0,29.8,砾石,#54A0FF,gravel
BH007,48.2,-130.8,25.1,30,1,人工填土,2.7,0.0,填土,#FF6B6B,loose
BH007,48.2,-130.8,25.1,30,2,淤泥质土,7.9,2.7,软土,#4ECDC4,soft
BH007,48.2,-130.8,25.1,30,3,粉质粘土,14.3,7.9,粘土,#45B7D1,clay
BH007,48.2,-130.8,25.1,30,4,细砂,19.6,14.3,砂土,#96CEB4,sand
BH007,48.2,-130.8,25.1,30,5,中砂,24.7,19.6,砂土,#FECA57,sand
BH007,48.2,-130.8,25.1,30,6,粗砂,29.0,24.7,砂土,#FF9FF3,sand
BH007,48.2,-130.8,25.1,30,7,砾石层,30.0,29.0,砾石,#54A0FF,gravel
BH008,75.1,-139.8,25.2,30,1,人工填土,2.4,0.0,填土,#FF6B6B,loose
BH008,75.1,-139.8,25.2,30,2,淤泥质土,7.2,2.4,软土,#4ECDC4,soft
BH008,75.1,-139.8,25.2,30,3,粉质粘土,13.8,7.2,粘土,#45B7D1,clay
BH008,75.1,-139.8,25.2,30,4,细砂,19.3,13.8,砂土,#96CEB4,sand
BH008,75.1,-139.8,25.2,30,5,中砂,24.0,19.3,砂土,#FECA57,sand
BH008,75.1,-139.8,25.2,30,6,粗砂,28.4,24.0,砂土,#FF9FF3,sand
BH008,75.1,-139.8,25.2,30,7,砾石层,30.0,28.4,砾石,#54A0FF,gravel
BH009,112.1,-131.5,25.1,30,1,人工填土,2.1,0.0,填土,#FF6B6B,loose
BH009,112.1,-131.5,25.1,30,2,淤泥质土,6.8,2.1,软土,#4ECDC4,soft
BH009,112.1,-131.5,25.1,30,3,粉质粘土,13.6,6.8,粘土,#45B7D1,clay
BH009,112.1,-131.5,25.1,30,4,细砂,18.5,13.6,砂土,#96CEB4,sand
BH009,112.1,-131.5,25.1,30,5,中砂,23.9,18.5,砂土,#FECA57,sand
BH009,112.1,-131.5,25.1,30,6,粗砂,28.1,23.9,砂土,#FF9FF3,sand
BH009,112.1,-131.5,25.1,30,7,砾石层,30.0,28.1,砾石,#54A0FF,gravel
BH010,129.5,-126.5,25.1,30,1,人工填土,2.1,0.0,填土,#FF6B6B,loose
BH010,129.5,-126.5,25.1,30,2,淤泥质土,7.1,2.1,软土,#4ECDC4,soft
BH010,129.5,-126.5,25.1,30,3,粉质粘土,13.7,7.1,粘土,#45B7D1,clay
BH010,129.5,-126.5,25.1,30,4,细砂,18.8,13.7,砂土,#96CEB4,sand
BH010,129.5,-126.5,25.1,30,5,中砂,23.4,18.8,砂土,#FECA57,sand
BH010,129.5,-126.5,25.1,30,6,粗砂,27.5,23.4,砂土,#FF9FF3,sand
BH010,129.5,-126.5,25.1,30,7,砾石层,30.0,27.5,砾石,#54A0FF,gravel
BH011,-141.5,-105.2,25.9,30,1,人工填土,3.0,0.0,填土,#FF6B6B,loose
BH011,-141.5,-105.2,25.9,30,2,淤泥质土,8.2,3.0,软土,#4ECDC4,soft
BH011,-141.5,-105.2,25.9,30,3,粉质粘土,15.0,8.2,粘土,#45B7D1,clay
BH011,-141.5,-105.2,25.9,30,4,细砂,20.2,15.0,砂土,#96CEB4,sand
BH011,-141.5,-105.2,25.9,30,5,中砂,24.8,20.2,砂土,#FECA57,sand
BH011,-141.5,-105.2,25.9,30,6,粗砂,29.2,24.8,砂土,#FF9FF3,sand
BH011,-141.5,-105.2,25.9,30,7,砾石层,30.0,29.2,砾石,#54A0FF,gravel
BH012,-114.0,-108.5,26.0,30,1,人工填土,2.9,0.0,填土,#FF6B6B,loose
BH012,-114.0,-108.5,26.0,30,2,淤泥质土,8.0,2.9,软土,#4ECDC4,soft
BH012,-114.0,-108.5,26.0,30,3,粉质粘土,14.4,8.0,粘土,#45B7D1,clay
BH012,-114.0,-108.5,26.0,30,4,细砂,18.9,14.4,砂土,#96CEB4,sand
BH012,-114.0,-108.5,26.0,30,5,中砂,24.4,18.9,砂土,#FECA57,sand
BH012,-114.0,-108.5,26.0,30,6,粗砂,28.7,24.4,砂土,#FF9FF3,sand
BH012,-114.0,-108.5,26.0,30,7,砾石层,30.0,28.7,砾石,#54A0FF,gravel
BH013,-75.5,-109.5,26.4,30,1,人工填土,2.5,0.0,填土,#FF6B6B,loose
BH013,-75.5,-109.5,26.4,30,2,淤泥质土,7.3,2.5,软土,#4ECDC4,soft
BH013,-75.5,-109.5,26.4,30,3,粉质粘土,13.8,7.3,粘土,#45B7D1,clay
BH013,-75.5,-109.5,26.4,30,4,细砂,18.4,13.8,砂土,#96CEB4,sand
BH013,-75.5,-109.5,26.4,30,5,中砂,23.5,18.4,砂土,#FECA57,sand
BH013,-75.5,-109.5,26.4,30,6,粗砂,27.6,23.5,砂土,#FF9FF3,sand
BH013,-75.5,-109.5,26.4,30,7,砾石层,30.0,27.6,砾石,#54A0FF,gravel
BH014,-35.4,-107.7,25.9,30,1,人工填土,3.0,0.0,填土,#FF6B6B,loose
BH014,-35.4,-107.7,25.9,30,2,淤泥质土,8.4,3.0,软土,#4ECDC4,soft
BH014,-35.4,-107.7,25.9,30,3,粉质粘土,14.9,8.4,粘土,#45B7D1,clay
BH014,-35.4,-107.7,25.9,30,4,细砂,20.1,14.9,砂土,#96CEB4,sand
BH014,-35.4,-107.7,25.9,30,5,中砂,24.9,20.1,砂土,#FECA57,sand
BH014,-35.4,-107.7,25.9,30,6,粗砂,29.1,24.9,砂土,#FF9FF3,sand
BH014,-35.4,-107.7,25.9,30,7,砾石层,30.0,29.1,砾石,#54A0FF,gravel
BH015,-19.5,-98.0,25.7,30,1,人工填土,2.6,0.0,填土,#FF6B6B,loose
BH015,-19.5,-98.0,25.7,30,2,淤泥质土,7.7,2.6,软土,#4ECDC4,soft
BH015,-19.5,-98.0,25.7,30,3,粉质粘土,13.9,7.7,粘土,#45B7D1,clay
BH015,-19.5,-98.0,25.7,30,4,细砂,18.7,13.9,砂土,#96CEB4,sand
BH015,-19.5,-98.0,25.7,30,5,中砂,23.8,18.7,砂土,#FECA57,sand
BH015,-19.5,-98.0,25.7,30,6,粗砂,28.2,23.8,砂土,#FF9FF3,sand
BH015,-19.5,-98.0,25.7,30,7,砾石层,30.0,28.2,砾石,#54A0FF,gravel
BH016,24.7,-98.7,25.8,30,1,人工填土,2.3,0.0,填土,#FF6B6B,loose
BH016,24.7,-98.7,25.8,30,2,淤泥质土,7.4,2.3,软土,#4ECDC4,soft
BH016,24.7,-98.7,25.8,30,3,粉质粘土,13.5,7.4,粘土,#45B7D1,clay
BH016,24.7,-98.7,25.8,30,4,细砂,18.1,13.5,砂土,#96CEB4,sand
BH016,24.7,-98.7,25.8,30,5,中砂,23.4,18.1,砂土,#FECA57,sand
BH016,24.7,-98.7,25.8,30,6,粗砂,27.6,23.4,砂土,#FF9FF3,sand
BH016,24.7,-98.7,25.8,30,7,砾石层,30.0,27.6,砾石,#54A0FF,gravel
BH017,44.3,-96.4,25.9,30,1,人工填土,2.3,0.0,填土,#FF6B6B,loose
BH017,44.3,-96.4,25.9,30,2,淤泥质土,6.8,2.3,软土,#4ECDC4,soft
BH017,44.3,-96.4,25.9,30,3,粉质粘土,13.7,6.8,粘土,#45B7D1,clay
BH017,44.3,-96.4,25.9,30,4,细砂,18.8,13.7,砂土,#96CEB4,sand
BH017,44.3,-96.4,25.9,30,5,中砂,23.6,18.8,砂土,#FECA57,sand
BH017,44.3,-96.4,25.9,30,6,粗砂,27.9,23.6,砂土,#FF9FF3,sand
BH017,44.3,-96.4,25.9,30,7,砾石层,30.0,27.9,砾石,#54A0FF,gravel
BH018,68.1,-106.7,25.6,30,1,人工填土,2.7,0.0,填土,#FF6B6B,loose
BH018,68.1,-106.7,25.6,30,2,淤泥质土,7.6,2.7,软土,#4ECDC4,soft
BH018,68.1,-106.7,25.6,30,3,粉质粘土,14.3,7.6,粘土,#45B7D1,clay
BH018,68.1,-106.7,25.6,30,4,细砂,19.4,14.3,砂土,#96CEB4,sand
BH018,68.1,-106.7,25.6,30,5,中砂,24.4,19.4,砂土,#FECA57,sand
BH018,68.1,-106.7,25.6,30,6,粗砂,28.6,24.4,砂土,#FF9FF3,sand
BH018,68.1,-106.7,25.6,30,7,砾石层,30.0,28.6,砾石,#54A0FF,gravel
BH019,106.4,-113.8,25.3,30,1,人工填土,2.1,0.0,填土,#FF6B6B,loose
BH019,106.4,-113.8,25.3,30,2,淤泥质土,7.6,2.1,软土,#4ECDC4,soft
BH019,106.4,-113.8,25.3,30,3,粉质粘土,14.2,7.6,粘土,#45B7D1,clay
BH019,106.4,-113.8,25.3,30,4,细砂,19.1,14.2,砂土,#96CEB4,sand
BH019,106.4,-113.8,25.3,30,5,中砂,24.2,19.1,砂土,#FECA57,sand
BH019,106.4,-113.8,25.3,30,6,粗砂,28.7,24.2,砂土,#FF9FF3,sand
BH019,106.4,-113.8,25.3,30,7,砾石层,30.0,28.7,砾石,#54A0FF,gravel
BH020,132.2,-95.4,25.9,30,1,人工填土,2.1,0.0,填土,#FF6B6B,loose
BH020,132.2,-95.4,25.9,30,2,淤泥质土,6.8,2.1,软土,#4ECDC4,soft
BH020,132.2,-95.4,25.9,30,3,粉质粘土,13.4,6.8,粘土,#45B7D1,clay
BH020,132.2,-95.4,25.9,30,4,细砂,18.3,13.4,砂土,#96CEB4,sand
BH020,132.2,-95.4,25.9,30,5,中砂,23.1,18.3,砂土,#FECA57,sand
BH020,132.2,-95.4,25.9,30,6,粗砂,27.5,23.1,砂土,#FF9FF3,sand
BH020,132.2,-95.4,25.9,30,7,砾石层,30.0,27.5,砾石,#54A0FF,gravel
BH021,-136.6,-79.0,25.5,30,1,人工填土,2.4,0.0,填土,#FF6B6B,loose
BH021,-136.6,-79.0,25.5,30,2,淤泥质土,7.7,2.4,软土,#4ECDC4,soft
BH021,-136.6,-79.0,25.5,30,3,粉质粘土,14.1,7.7,粘土,#45B7D1,clay
BH021,-136.6,-79.0,25.5,30,4,细砂,18.9,14.1,砂土,#96CEB4,sand
BH021,-136.6,-79.0,25.5,30,5,中砂,24.4,18.9,砂土,#FECA57,sand
BH021,-136.6,-79.0,25.5,30,6,粗砂,28.5,24.4,砂土,#FF9FF3,sand
BH021,-136.6,-79.0,25.5,30,7,砾石层,30.0,28.5,砾石,#54A0FF,gravel
BH022,-96.5,-70.8,25.6,30,1,人工填土,2.5,0.0,填土,#FF6B6B,loose
BH022,-96.5,-70.8,25.6,30,2,淤泥质土,7.3,2.5,软土,#4ECDC4,soft
BH022,-96.5,-70.8,25.6,30,3,粉质粘土,14.2,7.3,粘土,#45B7D1,clay
BH022,-96.5,-70.8,25.6,30,4,细砂,18.8,14.2,砂土,#96CEB4,sand
BH022,-96.5,-70.8,25.6,30,5,中砂,24.2,18.8,砂土,#FECA57,sand
BH022,-96.5,-70.8,25.6,30,6,粗砂,28.4,24.2,砂土,#FF9FF3,sand
BH022,-96.5,-70.8,25.6,30,7,砾石层,30.0,28.4,砾石,#54A0FF,gravel
BH023,-75.1,-65.6,25.4,30,1,人工填土,2.2,0.0,填土,#FF6B6B,loose
BH023,-75.1,-65.6,25.4,30,2,淤泥质土,7.1,2.2,软土,#4ECDC4,soft
BH023,-75.1,-65.6,25.4,30,3,粉质粘土,13.4,7.1,粘土,#45B7D1,clay
BH023,-75.1,-65.6,25.4,30,4,细砂,17.9,13.4,砂土,#96CEB4,sand
BH023,-75.1,-65.6,25.4,30,5,中砂,22.8,17.9,砂土,#FECA57,sand
BH023,-75.1,-65.6,25.4,30,6,粗砂,27.1,22.8,砂土,#FF9FF3,sand
BH023,-75.1,-65.6,25.4,30,7,砾石层,30.0,27.1,砾石,#54A0FF,gravel
BH024,-49.9,-67.5,25.8,30,1,人工填土,2.7,0.0,填土,#FF6B6B,loose
BH024,-49.9,-67.5,25.8,30,2,淤泥质土,8.1,2.7,软土,#4ECDC4,soft
BH024,-49.9,-67.5,25.8,30,3,粉质粘土,14.8,8.1,粘土,#45B7D1,clay
BH024,-49.9,-67.5,25.8,30,4,细砂,19.7,14.8,砂土,#96CEB4,sand
BH024,-49.9,-67.5,25.8,30,5,中砂,24.8,19.7,砂土,#FECA57,sand
BH024,-49.9,-67.5,25.8,30,6,粗砂,29.2,24.8,砂土,#FF9FF3,sand
BH024,-49.9,-67.5,25.8,30,7,砾石层,30.0,29.2,砾石,#54A0FF,gravel
BH025,-8.0,-82.2,25.6,30,1,人工填土,2.9,0.0,填土,#FF6B6B,loose
BH025,-8.0,-82.2,25.6,30,2,淤泥质土,7.6,2.9,软土,#4ECDC4,soft
BH025,-8.0,-82.2,25.6,30,3,粉质粘土,14.0,7.6,粘土,#45B7D1,clay
BH025,-8.0,-82.2,25.6,30,4,细砂,18.6,14.0,砂土,#96CEB4,sand
BH025,-8.0,-82.2,25.6,30,5,中砂,23.9,18.6,砂土,#FECA57,sand
BH025,-8.0,-82.2,25.6,30,6,粗砂,28.1,23.9,砂土,#FF9FF3,sand
BH025,-8.0,-82.2,25.6,30,7,砾石层,30.0,28.1,砾石,#54A0FF,gravel
BH026,9.5,-67.9,25.8,30,1,人工填土,2.3,0.0,填土,#FF6B6B,loose
BH026,9.5,-67.9,25.8,30,2,淤泥质土,7.2,2.3,软土,#4ECDC4,soft
BH026,9.5,-67.9,25.8,30,3,粉质粘土,13.5,7.2,粘土,#45B7D1,clay
BH026,9.5,-67.9,25.8,30,4,细砂,18.0,13.5,砂土,#96CEB4,sand
BH026,9.5,-67.9,25.8,30,5,中砂,22.7,18.0,砂土,#FECA57,sand
BH026,9.5,-67.9,25.8,30,6,粗砂,27.0,22.7,砂土,#FF9FF3,sand
BH026,9.5,-67.9,25.8,30,7,砾石层,30.0,27.0,砾石,#54A0FF,gravel
BH027,43.3,-76.8,26.1,30,1,人工填土,2.7,0.0,填土,#FF6B6B,loose
BH027,43.3,-76.8,26.1,30,2,淤泥质土,7.7,2.7,软土,#4ECDC4,soft
BH027,43.3,-76.8,26.1,30,3,粉质粘土,14.5,7.7,粘土,#45B7D1,clay
BH027,43.3,-76.8,26.1,30,4,细砂,19.6,14.5,砂土,#96CEB4,sand
BH027,43.3,-76.8,26.1,30,5,中砂,24.5,19.6,砂土,#FECA57,sand
BH027,43.3,-76.8,26.1,30,6,粗砂,28.6,24.5,砂土,#FF9FF3,sand
BH027,43.3,-76.8,26.1,30,7,砾石层,30.0,28.6,砾石,#54A0FF,gravel
BH028,79.9,-66.8,26.1,30,1,人工填土,2.0,0.0,填土,#FF6B6B,loose
BH028,79.9,-66.8,26.1,30,2,淤泥质土,7.1,2.0,软土,#4ECDC4,soft
BH028,79.9,-66.8,26.1,30,3,粉质粘土,13.3,7.1,粘土,#45B7D1,clay
BH028,79.9,-66.8,26.1,30,4,细砂,18.0,13.3,砂土,#96CEB4,sand
BH028,79.9,-66.8,26.1,30,5,中砂,23.2,18.0,砂土,#FECA57,sand
BH028,79.9,-66.8,26.1,30,6,粗砂,27.3,23.2,砂土,#FF9FF3,sand
BH028,79.9,-66.8,26.1,30,7,砾石层,30.0,27.3,砾石,#54A0FF,gravel
BH029,97.7,-79.2,25.6,30,1,人工填土,2.4,0.0,填土,#FF6B6B,loose
BH029,97.7,-79.2,25.6,30,2,淤泥质土,7.0,2.4,软土,#4ECDC4,soft
BH029,97.7,-79.2,25.6,30,3,粉质粘土,13.9,7.0,粘土,#45B7D1,clay
BH029,97.7,-79.2,25.6,30,4,细砂,19.0,13.9,砂土,#96CEB4,sand
BH029,97.7,-79.2,25.6,30,5,中砂,24.2,19.0,砂土,#FECA57,sand
BH029,97.7,-79.2,25.6,30,6,粗砂,28.3,24.2,砂土,#FF9FF3,sand
BH029,97.7,-79.2,25.6,30,7,砾石层,30.0,28.3,砾石,#54A0FF,gravel
BH030,128.9,-73.1,25.6,30,1,人工填土,2.3,0.0,填土,#FF6B6B,loose
BH030,128.9,-73.1,25.6,30,2,淤泥质土,7.8,2.3,软土,#4ECDC4,soft
BH030,128.9,-73.1,25.6,30,3,粉质粘土,14.5,7.8,粘土,#45B7D1,clay
BH030,128.9,-73.1,25.6,30,4,细砂,19.0,14.5,砂土,#96CEB4,sand
BH030,128.9,-73.1,25.6,30,5,中砂,24.4,19.0,砂土,#FECA57,sand
BH030,128.9,-73.1,25.6,30,6,粗砂,28.4,24.4,砂土,#FF9FF3,sand
BH030,128.9,-73.1,25.6,30,7,砾石层,30.0,28.4,砾石,#54A0FF,gravel
BH031,-130.6,-45.8,25.8,30,1,人工填土,2.3,0.0,填土,#FF6B6B,loose
BH031,-130.6,-45.8,25.8,30,2,淤泥质土,7.6,2.3,软土,#4ECDC4,soft
BH031,-130.6,-45.8,25.8,30,3,粉质粘土,14.0,7.6,粘土,#45B7D1,clay
BH031,-130.6,-45.8,25.8,30,4,细砂,19.1,14.0,砂土,#96CEB4,sand
BH031,-130.6,-45.8,25.8,30,5,中砂,24.6,19.1,砂土,#FECA57,sand
BH031,-130.6,-45.8,25.8,30,6,粗砂,28.9,24.6,砂土,#FF9FF3,sand
BH031,-130.6,-45.8,25.8,30,7,砾石层,30.0,28.9,砾石,#54A0FF,gravel
BH032,-105.3,-53.1,25.7,30,1,人工填土,2.8,0.0,填土,#FF6B6B,loose
BH032,-105.3,-53.1,25.7,30,2,淤泥质土,7.8,2.8,软土,#4ECDC4,soft
BH032,-105.3,-53.1,25.7,30,3,粉质粘土,14.6,7.8,粘土,#45B7D1,clay
BH032,-105.3,-53.1,25.7,30,4,细砂,19.8,14.6,砂土,#96CEB4,sand
BH032,-105.3,-53.1,25.7,30,5,中砂,24.4,19.8,砂土,#FECA57,sand
BH032,-105.3,-53.1,25.7,30,6,粗砂,28.9,24.4,砂土,#FF9FF3,sand
BH032,-105.3,-53.1,25.7,30,7,砾石层,30.0,28.9,砾石,#54A0FF,gravel
BH033,-76.9,-40.3,25.3,30,1,人工填土,2.7,0.0,填土,#FF6B6B,loose
BH033,-76.9,-40.3,25.3,30,2,淤泥质土,7.3,2.7,软土,#4ECDC4,soft
BH033,-76.9,-40.3,25.3,30,3,粉质粘土,13.9,7.3,粘土,#45B7D1,clay
BH033,-76.9,-40.3,25.3,30,4,细砂,19.4,13.9,砂土,#96CEB4,sand
BH033,-76.9,-40.3,25.3,30,5,中砂,24.7,19.4,砂土,#FECA57,sand
BH033,-76.9,-40.3,25.3,30,6,粗砂,28.8,24.7,砂土,#FF9FF3,sand
BH033,-76.9,-40.3,25.3,30,7,砾石层,30.0,28.8,砾石,#54A0FF,gravel
BH034,-45.7,-36.9,25.3,30,1,人工填土,2.1,0.0,填土,#FF6B6B,loose
BH034,-45.7,-36.9,25.3,30,2,淤泥质土,7.6,2.1,软土,#4ECDC4,soft
BH034,-45.7,-36.9,25.3,30,3,粉质粘土,14.2,7.6,粘土,#45B7D1,clay
BH034,-45.7,-36.9,25.3,30,4,细砂,19.2,14.2,砂土,#96CEB4,sand
BH034,-45.7,-36.9,25.3,30,5,中砂,24.3,19.2,砂土,#FECA57,sand
BH034,-45.7,-36.9,25.3,30,6,粗砂,28.7,24.3,砂土,#FF9FF3,sand
BH034,-45.7,-36.9,25.3,30,7,砾石层,30.0,28.7,砾石,#54A0FF,gravel
BH035,-16.8,-43.2,25.9,30,1,人工填土,2.3,0.0,填土,#FF6B6B,loose
BH035,-16.8,-43.2,25.9,30,2,淤泥质土,7.7,2.3,软土,#4ECDC4,soft
BH035,-16.8,-43.2,25.9,30,3,粉质粘土,14.4,7.7,粘土,#45B7D1,clay
BH035,-16.8,-43.2,25.9,30,4,细砂,19.1,14.4,砂土,#96CEB4,sand
BH035,-16.8,-43.2,25.9,30,5,中砂,23.8,19.1,砂土,#FECA57,sand
BH035,-16.8,-43.2,25.9,30,6,粗砂,28.0,23.8,砂土,#FF9FF3,sand
BH035,-16.8,-43.2,25.9,30,7,砾石层,30.0,28.0,砾石,#54A0FF,gravel
BH036,12.4,-35.3,26.2,30,1,人工填土,2.3,0.0,填土,#FF6B6B,loose
BH036,12.4,-35.3,26.2,30,2,淤泥质土,7.3,2.3,软土,#4ECDC4,soft
BH036,12.4,-35.3,26.2,30,3,粉质粘土,13.8,7.3,粘土,#45B7D1,clay
BH036,12.4,-35.3,26.2,30,4,细砂,18.7,13.8,砂土,#96CEB4,sand
BH036,12.4,-35.3,26.2,30,5,中砂,23.9,18.7,砂土,#FECA57,sand
BH036,12.4,-35.3,26.2,30,6,粗砂,28.0,23.9,砂土,#FF9FF3,sand
BH036,12.4,-35.3,26.2,30,7,砾石层,30.0,28.0,砾石,#54A0FF,gravel
BH037,38.7,-50.3,26.4,30,1,人工填土,2.4,0.0,填土,#FF6B6B,loose
BH037,38.7,-50.3,26.4,30,2,淤泥质土,7.6,2.4,软土,#4ECDC4,soft
BH037,38.7,-50.3,26.4,30,3,粉质粘土,13.6,7.6,粘土,#45B7D1,clay
BH037,38.7,-50.3,26.4,30,4,细砂,18.2,13.6,砂土,#96CEB4,sand
BH037,38.7,-50.3,26.4,30,5,中砂,23.1,18.2,砂土,#FECA57,sand
BH037,38.7,-50.3,26.4,30,6,粗砂,27.3,23.1,砂土,#FF9FF3,sand
BH037,38.7,-50.3,26.4,30,7,砾石层,30.0,27.3,砾石,#54A0FF,gravel
BH038,69.9,-45.6,26.6,30,1,人工填土,2.3,0.0,填土,#FF6B6B,loose
BH038,69.9,-45.6,26.6,30,2,淤泥质土,7.1,2.3,软土,#4ECDC4,soft
BH038,69.9,-45.6,26.6,30,3,粉质粘土,13.2,7.1,粘土,#45B7D1,clay
BH038,69.9,-45.6,26.6,30,4,细砂,18.6,13.2,砂土,#96CEB4,sand
BH038,69.9,-45.6,26.6,30,5,中砂,23.5,18.6,砂土,#FECA57,sand
BH038,69.9,-45.6,26.6,30,6,粗砂,27.8,23.5,砂土,#FF9FF3,sand
BH038,69.9,-45.6,26.6,30,7,砾石层,30.0,27.8,砾石,#54A0FF,gravel
BH039,104.9,-41.2,26.5,30,1,人工填土,2.2,0.0,填土,#FF6B6B,loose
BH039,104.9,-41.2,26.5,30,2,淤泥质土,7.1,2.2,软土,#4ECDC4,soft
BH039,104.9,-41.2,26.5,30,3,粉质粘土,14.0,7.1,粘土,#45B7D1,clay
BH039,104.9,-41.2,26.5,30,4,细砂,19.2,14.0,砂土,#96CEB4,sand
BH039,104.9,-41.2,26.5,30,5,中砂,23.7,19.2,砂土,#FECA57,sand
BH039,104.9,-41.2,26.5,30,6,粗砂,28.0,23.7,砂土,#FF9FF3,sand
BH039,104.9,-41.2,26.5,30,7,砾石层,30.0,28.0,砾石,#54A0FF,gravel
BH040,131.3,-53.6,26.0,30,1,人工填土,2.1,0.0,填土,#FF6B6B,loose
BH040,131.3,-53.6,26.0,30,2,淤泥质土,6.9,2.1,软土,#4ECDC4,soft
BH040,131.3,-53.6,26.0,30,3,粉质粘土,13.8,6.9,粘土,#45B7D1,clay
BH040,131.3,-53.6,26.0,30,4,细砂,18.7,13.8,砂土,#96CEB4,sand
BH040,131.3,-53.6,26.0,30,5,中砂,23.4,18.7,砂土,#FECA57,sand
BH040,131.3,-53.6,26.0,30,6,粗砂,27.6,23.4,砂土,#FF9FF3,sand
BH040,131.3,-53.6,26.0,30,7,砾石层,30.0,27.6,砾石,#54A0FF,gravel
BH041,-144.0,-11.5,25.4,30,1,人工填土,2.3,0.0,填土,#FF6B6B,loose
BH041,-144.0,-11.5,25.4,30,2,淤泥质土,6.8,2.3,软土,#4ECDC4,soft
BH041,-144.0,-11.5,25.4,30,3,粉质粘土,13.1,6.8,粘土,#45B7D1,clay
BH041,-144.0,-11.5,25.4,30,4,细砂,18.3,13.1,砂土,#96CEB4,sand
BH041,-144.0,-11.5,25.4,30,5,中砂,23.0,18.3,砂土,#FECA57,sand
BH041,-144.0,-11.5,25.4,30,6,粗砂,27.2,23.0,砂土,#FF9FF3,sand
BH041,-144.0,-11.5,25.4,30,7,砾石层,30.0,27.2,砾石,#54A0FF,gravel
BH042,-102.0,-20.7,25.0,30,1,人工填土,2.6,0.0,填土,#FF6B6B,loose
BH042,-102.0,-20.7,25.0,30,2,淤泥质土,7.5,2.6,软土,#4ECDC4,soft
BH042,-102.0,-20.7,25.0,30,3,粉质粘土,14.4,7.5,粘土,#45B7D1,clay
BH042,-102.0,-20.7,25.0,30,4,细砂,19.1,14.4,砂土,#96CEB4,sand
BH042,-102.0,-20.7,25.0,30,5,中砂,24.0,19.1,砂土,#FECA57,sand
BH042,-102.0,-20.7,25.0,30,6,粗砂,28.3,24.0,砂土,#FF9FF3,sand
BH042,-102.0,-20.7,25.0,30,7,砾石层,30.0,28.3,砾石,#54A0FF,gravel
BH043,-80.5,-23.9,24.8,30,1,人工填土,2.1,0.0,填土,#FF6B6B,loose
BH043,-80.5,-23.9,24.8,30,2,淤泥质土,6.8,2.1,软土,#4ECDC4,soft
BH043,-80.5,-23.9,24.8,30,3,粉质粘土,12.8,6.8,粘土,#45B7D1,clay
BH043,-80.5,-23.9,24.8,30,4,细砂,17.8,12.8,砂土,#96CEB4,sand
BH043,-80.5,-23.9,24.8,30,5,中砂,22.8,17.8,砂土,#FECA57,sand
BH043,-80.5,-23.9,24.8,30,6,粗砂,26.9,22.8,砂土,#FF9FF3,sand
BH043,-80.5,-23.9,24.8,30,7,砾石层,30.0,26.9,砾石,#54A0FF,gravel
BH044,-48.2,-13.2,25.0,30,1,人工填土,2.4,0.0,填土,#FF6B6B,loose
BH044,-48.2,-13.2,25.0,30,2,淤泥质土,7.9,2.4,软土,#4ECDC4,soft
BH044,-48.2,-13.2,25.0,30,3,粉质粘土,14.8,7.9,粘土,#45B7D1,clay
BH044,-48.2,-13.2,25.0,30,4,细砂,20.0,14.8,砂土,#96CEB4,sand
BH044,-48.2,-13.2,25.0,30,5,中砂,24.6,20.0,砂土,#FECA57,sand
BH044,-48.2,-13.2,25.0,30,6,粗砂,28.8,24.6,砂土,#FF9FF3,sand
BH044,-48.2,-13.2,25.0,30,7,砾石层,30.0,28.8,砾石,#54A0FF,gravel
BH045,-11.0,-7.0,25.5,30,1,人工填土,2.8,0.0,填土,#FF6B6B,loose
BH045,-11.0,-7.0,25.5,30,2,淤泥质土,8.2,2.8,软土,#4ECDC4,soft
BH045,-11.0,-7.0,25.5,30,3,粉质粘土,14.8,8.2,粘土,#45B7D1,clay
BH045,-11.0,-7.0,25.5,30,4,细砂,19.7,14.8,砂土,#96CEB4,sand
BH045,-11.0,-7.0,25.5,30,5,中砂,25.2,19.7,砂土,#FECA57,sand
BH045,-11.0,-7.0,25.5,30,6,粗砂,29.5,25.2,砂土,#FF9FF3,sand
BH045,-11.0,-7.0,25.5,30,7,砾石层,30.0,29.5,砾石,#54A0FF,gravel
BH046,23.1,-15.1,26.1,30,1,人工填土,2.5,0.0,填土,#FF6B6B,loose
BH046,23.1,-15.1,26.1,30,2,淤泥质土,7.4,2.5,软土,#4ECDC4,soft
BH046,23.1,-15.1,26.1,30,3,粉质粘土,14.2,7.4,粘土,#45B7D1,clay
BH046,23.1,-15.1,26.1,30,4,细砂,18.8,14.2,砂土,#96CEB4,sand
BH046,23.1,-15.1,26.1,30,5,中砂,23.4,18.8,砂土,#FECA57,sand
BH046,23.1,-15.1,26.1,30,6,粗砂,27.6,23.4,砂土,#FF9FF3,sand
BH046,23.1,-15.1,26.1,30,7,砾石层,30.0,27.6,砾石,#54A0FF,gravel
BH047,44.0,-15.5,26.7,30,1,人工填土,2.8,0.0,填土,#FF6B6B,loose
BH047,44.0,-15.5,26.7,30,2,淤泥质土,8.3,2.8,软土,#4ECDC4,soft
BH047,44.0,-15.5,26.7,30,3,粉质粘土,14.5,8.3,粘土,#45B7D1,clay
BH047,44.0,-15.5,26.7,30,4,细砂,19.2,14.5,砂土,#96CEB4,sand
BH047,44.0,-15.5,26.7,30,5,中砂,24.1,19.2,砂土,#FECA57,sand
BH047,44.0,-15.5,26.7,30,6,粗砂,28.1,24.1,砂土,#FF9FF3,sand
BH047,44.0,-15.5,26.7,30,7,砾石层,30.0,28.1,砾石,#54A0FF,gravel
BH048,70.2,-25.0,26.5,30,1,人工填土,2.6,0.0,填土,#FF6B6B,loose
BH048,70.2,-25.0,26.5,30,2,淤泥质土,7.2,2.6,软土,#4ECDC4,soft
BH048,70.2,-25.0,26.5,30,3,粉质粘土,13.3,7.2,粘土,#45B7D1,clay
BH048,70.2,-25.0,26.5,30,4,细砂,18.8,13.3,砂土,#96CEB4,sand
BH048,70.2,-25.0,26.5,30,5,中砂,24.3,18.8,砂土,#FECA57,sand
BH048,70.2,-25.0,26.5,30,6,粗砂,28.3,24.3,砂土,#FF9FF3,sand
BH048,70.2,-25.0,26.5,30,7,砾石层,30.0,28.3,砾石,#54A0FF,gravel
BH049,100.9,-19.6,26.4,30,1,人工填土,2.7,0.0,填土,#FF6B6B,loose
BH049,100.9,-19.6,26.4,30,2,淤泥质土,7.4,2.7,软土,#4ECDC4,soft
BH049,100.9,-19.6,26.4,30,3,粉质粘土,13.9,7.4,粘土,#45B7D1,clay
BH049,100.9,-19.6,26.4,30,4,细砂,19.1,13.9,砂土,#96CEB4,sand
BH049,100.9,-19.6,26.4,30,5,中砂,24.4,19.1,砂土,#FECA57,sand
BH049,100.9,-19.6,26.4,30,6,粗砂,28.5,24.4,砂土,#FF9FF3,sand
BH049,100.9,-19.6,26.4,30,7,砾石层,30.0,28.5,砾石,#54A0FF,gravel
BH050,137.9,-20.6,26.1,30,1,人工填土,2.6,0.0,填土,#FF6B6B,loose
BH050,137.9,-20.6,26.1,30,2,淤泥质土,7.2,2.6,软土,#4ECDC4,soft
BH050,137.9,-20.6,26.1,30,3,粉质粘土,13.9,7.2,粘土,#45B7D1,clay
BH050,137.9,-20.6,26.1,30,4,细砂,19.2,13.9,砂土,#96CEB4,sand
BH050,137.9,-20.6,26.1,30,5,中砂,24.6,19.2,砂土,#FECA57,sand
BH050,137.9,-20.6,26.1,30,6,粗砂,28.6,24.6,砂土,#FF9FF3,sand
BH050,137.9,-20.6,26.1,30,7,砾石层,30.0,28.6,砾石,#54A0FF,gravel
BH051,-139.7,17.3,25.3,30,1,人工填土,2.7,0.0,填土,#FF6B6B,loose
BH051,-139.7,17.3,25.3,30,2,淤泥质土,7.4,2.7,软土,#4ECDC4,soft
BH051,-139.7,17.3,25.3,30,3,粉质粘土,14.3,7.4,粘土,#45B7D1,clay
BH051,-139.7,17.3,25.3,30,4,细砂,19.0,14.3,砂土,#96CEB4,sand
BH051,-139.7,17.3,25.3,30,5,中砂,23.8,19.0,砂土,#FECA57,sand
BH051,-139.7,17.3,25.3,30,6,粗砂,28.1,23.8,砂土,#FF9FF3,sand
BH051,-139.7,17.3,25.3,30,7,砾石层,30.0,28.1,砾石,#54A0FF,gravel
BH052,-102.0,11.1,25.0,30,1,人工填土,2.5,0.0,填土,#FF6B6B,loose
BH052,-102.0,11.1,25.0,30,2,淤泥质土,7.3,2.5,软土,#4ECDC4,soft
BH052,-102.0,11.1,25.0,30,3,粉质粘土,13.8,7.3,粘土,#45B7D1,clay
BH052,-102.0,11.1,25.0,30,4,细砂,18.4,13.8,砂土,#96CEB4,sand
BH052,-102.0,11.1,25.0,30,5,中砂,23.2,18.4,砂土,#FECA57,sand
BH052,-102.0,11.1,25.0,30,6,粗砂,27.6,23.2,砂土,#FF9FF3,sand
BH052,-102.0,11.1,25.0,30,7,砾石层,30.0,27.6,砾石,#54A0FF,gravel
BH053,-81.9,10.7,25.1,30,1,人工填土,2.6,0.0,填土,#FF6B6B,loose
BH053,-81.9,10.7,25.1,30,2,淤泥质土,7.3,2.6,软土,#4ECDC4,soft
BH053,-81.9,10.7,25.1,30,3,粉质粘土,14.1,7.3,粘土,#45B7D1,clay
BH053,-81.9,10.7,25.1,30,4,细砂,19.0,14.1,砂土,#96CEB4,sand
BH053,-81.9,10.7,25.1,30,5,中砂,24.4,19.0,砂土,#FECA57,sand
BH053,-81.9,10.7,25.1,30,6,粗砂,28.4,24.4,砂土,#FF9FF3,sand
BH053,-81.9,10.7,25.1,30,7,砾石层,30.0,28.4,砾石,#54A0FF,gravel
BH054,-48.6,5.5,25.1,30,1,人工填土,2.4,0.0,填土,#FF6B6B,loose
BH054,-48.6,5.5,25.1,30,2,淤泥质土,7.4,2.4,软土,#4ECDC4,soft
BH054,-48.6,5.5,25.1,30,3,粉质粘土,14.3,7.4,粘土,#45B7D1,clay
BH054,-48.6,5.5,25.1,30,4,细砂,19.5,14.3,砂土,#96CEB4,sand
BH054,-48.6,5.5,25.1,30,5,中砂,24.1,19.5,砂土,#FECA57,sand
BH054,-48.6,5.5,25.1,30,6,粗砂,28.3,24.1,砂土,#FF9FF3,sand
BH054,-48.6,5.5,25.1,30,7,砾石层,30.0,28.3,砾石,#54A0FF,gravel
BH055,-22.8,23.1,25.5,30,1,人工填土,2.6,0.0,填土,#FF6B6B,loose
BH055,-22.8,23.1,25.5,30,2,淤泥质土,7.6,2.6,软土,#4ECDC4,soft
BH055,-22.8,23.1,25.5,30,3,粉质粘土,14.0,7.6,粘土,#45B7D1,clay
BH055,-22.8,23.1,25.5,30,4,细砂,18.8,14.0,砂土,#96CEB4,sand
BH055,-22.8,23.1,25.5,30,5,中砂,23.5,18.8,砂土,#FECA57,sand
BH055,-22.8,23.1,25.5,30,6,粗砂,27.9,23.5,砂土,#FF9FF3,sand
BH055,-22.8,23.1,25.5,30,7,砾石层,30.0,27.9,砾石,#54A0FF,gravel
BH056,6.5,19.0,25.8,30,1,人工填土,2.4,0.0,填土,#FF6B6B,loose
BH056,6.5,19.0,25.8,30,2,淤泥质土,7.1,2.4,软土,#4ECDC4,soft
BH056,6.5,19.0,25.8,30,3,粉质粘土,14.1,7.1,粘土,#45B7D1,clay
BH056,6.5,19.0,25.8,30,4,细砂,18.7,14.1,砂土,#96CEB4,sand
BH056,6.5,19.0,25.8,30,5,中砂,23.3,18.7,砂土,#FECA57,sand
BH056,6.5,19.0,25.8,30,6,粗砂,27.3,23.3,砂土,#FF9FF3,sand
BH056,6.5,19.0,25.8,30,7,砾石层,30.0,27.3,砾石,#54A0FF,gravel
BH057,54.5,8.1,26.8,30,1,人工填土,2.3,0.0,填土,#FF6B6B,loose
BH057,54.5,8.1,26.8,30,2,淤泥质土,7.8,2.3,软土,#4ECDC4,soft
BH057,54.5,8.1,26.8,30,3,粉质粘土,14.4,7.8,粘土,#45B7D1,clay
BH057,54.5,8.1,26.8,30,4,细砂,19.8,14.4,砂土,#96CEB4,sand
BH057,54.5,8.1,26.8,30,5,中砂,24.5,19.8,砂土,#FECA57,sand
BH057,54.5,8.1,26.8,30,6,粗砂,29.0,24.5,砂土,#FF9FF3,sand
BH057,54.5,8.1,26.8,30,7,砾石层,30.0,29.0,砾石,#54A0FF,gravel
BH058,78.1,23.4,26.9,30,1,人工填土,2.7,0.0,填土,#FF6B6B,loose
BH058,78.1,23.4,26.9,30,2,淤泥质土,7.3,2.7,软土,#4ECDC4,soft
BH058,78.1,23.4,26.9,30,3,粉质粘土,13.6,7.3,粘土,#45B7D1,clay
BH058,78.1,23.4,26.9,30,4,细砂,19.0,13.6,砂土,#96CEB4,sand
BH058,78.1,23.4,26.9,30,5,中砂,23.9,19.0,砂土,#FECA57,sand
BH058,78.1,23.4,26.9,30,6,粗砂,28.0,23.9,砂土,#FF9FF3,sand
BH058,78.1,23.4,26.9,30,7,砾石层,30.0,28.0,砾石,#54A0FF,gravel
BH059,106.9,9.8,26.7,30,1,人工填土,2.7,0.0,填土,#FF6B6B,loose
BH059,106.9,9.8,26.7,30,2,淤泥质土,7.2,2.7,软土,#4ECDC4,soft
BH059,106.9,9.8,26.7,30,3,粉质粘土,14.0,7.2,粘土,#45B7D1,clay
BH059,106.9,9.8,26.7,30,4,细砂,19.0,14.0,砂土,#96CEB4,sand
BH059,106.9,9.8,26.7,30,5,中砂,24.1,19.0,砂土,#FECA57,sand
BH059,106.9,9.8,26.7,30,6,粗砂,28.1,24.1,砂土,#FF9FF3,sand
BH059,106.9,9.8,26.7,30,7,砾石层,30.0,28.1,砾石,#54A0FF,gravel
BH060,136.3,14.7,26.0,30,1,人工填土,2.2,0.0,填土,#FF6B6B,loose
BH060,136.3,14.7,26.0,30,2,淤泥质土,7.0,2.2,软土,#4ECDC4,soft
BH060,136.3,14.7,26.0,30,3,粉质粘土,13.7,7.0,粘土,#45B7D1,clay
BH060,136.3,14.7,26.0,30,4,细砂,18.2,13.7,砂土,#96CEB4,sand
BH060,136.3,14.7,26.0,30,5,中砂,23.7,18.2,砂土,#FECA57,sand
BH060,136.3,14.7,26.0,30,6,粗砂,27.8,23.7,砂土,#FF9FF3,sand
BH060,136.3,14.7,26.0,30,7,砾石层,30.0,27.8,砾石,#54A0FF,gravel
BH061,-143.4,44.5,25.4,30,1,人工填土,2.8,0.0,填土,#FF6B6B,loose
BH061,-143.4,44.5,25.4,30,2,淤泥质土,7.8,2.8,软土,#4ECDC4,soft
BH061,-143.4,44.5,25.4,30,3,粉质粘土,13.8,7.8,粘土,#45B7D1,clay
BH061,-143.4,44.5,25.4,30,4,细砂,19.3,13.8,砂土,#96CEB4,sand
BH061,-143.4,44.5,25.4,30,5,中砂,24.1,19.3,砂土,#FECA57,sand
BH061,-143.4,44.5,25.4,30,6,粗砂,28.2,24.1,砂土,#FF9FF3,sand
BH061,-143.4,44.5,25.4,30,7,砾石层,30.0,28.2,砾石,#54A0FF,gravel
BH062,-100.1,45.7,25.6,30,1,人工填土,2.5,0.0,填土,#FF6B6B,loose
BH062,-100.1,45.7,25.6,30,2,淤泥质土,7.2,2.5,软土,#4ECDC4,soft
BH062,-100.1,45.7,25.6,30,3,粉质粘土,13.9,7.2,粘土,#45B7D1,clay
BH062,-100.1,45.7,25.6,30,4,细砂,19.1,13.9,砂土,#96CEB4,sand
BH062,-100.1,45.7,25.6,30,5,中砂,24.6,19.1,砂土,#FECA57,sand
BH062,-100.1,45.7,25.6,30,6,粗砂,28.6,24.6,砂土,#FF9FF3,sand
BH062,-100.1,45.7,25.6,30,7,砾石层,30.0,28.6,砾石,#54A0FF,gravel
BH063,-80.7,36.2,24.9,30,1,人工填土,3.0,0.0,填土,#FF6B6B,loose
BH063,-80.7,36.2,24.9,30,2,淤泥质土,8.3,3.0,软土,#4ECDC4,soft
BH063,-80.7,36.2,24.9,30,3,粉质粘土,14.6,8.3,粘土,#45B7D1,clay
BH063,-80.7,36.2,24.9,30,4,细砂,19.6,14.6,砂土,#96CEB4,sand
BH063,-80.7,36.2,24.9,30,5,中砂,24.2,19.6,砂土,#FECA57,sand
BH063,-80.7,36.2,24.9,30,6,粗砂,28.5,24.2,砂土,#FF9FF3,sand
BH063,-80.7,36.2,24.9,30,7,砾石层,30.0,28.5,砾石,#54A0FF,gravel
BH064,-37.2,52.9,25.3,30,1,人工填土,2.0,0.0,填土,#FF6B6B,loose
BH064,-37.2,52.9,25.3,30,2,淤泥质土,6.7,2.0,软土,#4ECDC4,soft
BH064,-37.2,52.9,25.3,30,3,粉质粘土,13.4,6.7,粘土,#45B7D1,clay
BH064,-37.2,52.9,25.3,30,4,细砂,18.2,13.4,砂土,#96CEB4,sand
BH064,-37.2,52.9,25.3,30,5,中砂,23.2,18.2,砂土,#FECA57,sand
BH064,-37.2,52.9,25.3,30,6,粗砂,27.4,23.2,砂土,#FF9FF3,sand
BH064,-37.2,52.9,25.3,30,7,砾石层,30.0,27.4,砾石,#54A0FF,gravel
BH065,-17.1,45.0,25.5,30,1,人工填土,2.4,0.0,填土,#FF6B6B,loose
BH065,-17.1,45.0,25.5,30,2,淤泥质土,7.1,2.4,软土,#4ECDC4,soft
BH065,-17.1,45.0,25.5,30,3,粉质粘土,13.4,7.1,粘土,#45B7D1,clay
BH065,-17.1,45.0,25.5,30,4,细砂,18.9,13.4,砂土,#96CEB4,sand
BH065,-17.1,45.0,25.5,30,5,中砂,24.1,18.9,砂土,#FECA57,sand
BH065,-17.1,45.0,25.5,30,6,粗砂,28.5,24.1,砂土,#FF9FF3,sand
BH065,-17.1,45.0,25.5,30,7,砾石层,30.0,28.5,砾石,#54A0FF,gravel
BH066,18.3,50.4,26.2,30,1,人工填土,2.4,0.0,填土,#FF6B6B,loose
BH066,18.3,50.4,26.2,30,2,淤泥质土,7.4,2.4,软土,#4ECDC4,soft
BH066,18.3,50.4,26.2,30,3,粉质粘土,14.1,7.4,粘土,#45B7D1,clay
BH066,18.3,50.4,26.2,30,4,细砂,19.5,14.1,砂土,#96CEB4,sand
BH066,18.3,50.4,26.2,30,5,中砂,24.1,19.5,砂土,#FECA57,sand
BH066,18.3,50.4,26.2,30,6,粗砂,28.3,24.1,砂土,#FF9FF3,sand
BH066,18.3,50.4,26.2,30,7,砾石层,30.0,28.3,砾石,#54A0FF,gravel
BH067,41.7,41.4,26.1,30,1,人工填土,2.7,0.0,填土,#FF6B6B,loose
BH067,41.7,41.4,26.1,30,2,淤泥质土,8.1,2.7,软土,#4ECDC4,soft
BH067,41.7,41.4,26.1,30,3,粉质粘土,15.0,8.1,粘土,#45B7D1,clay
BH067,41.7,41.4,26.1,30,4,细砂,20.5,15.0,砂土,#96CEB4,sand
BH067,41.7,41.4,26.1,30,5,中砂,25.2,20.5,砂土,#FECA57,sand
BH067,41.7,41.4,26.1,30,6,粗砂,29.2,25.2,砂土,#FF9FF3,sand
BH067,41.7,41.4,26.1,30,7,砾石层,30.0,29.2,砾石,#54A0FF,gravel
BH068,69.3,46.6,26.5,30,1,人工填土,2.9,0.0,填土,#FF6B6B,loose
BH068,69.3,46.6,26.5,30,2,淤泥质土,8.0,2.9,软土,#4ECDC4,soft
BH068,69.3,46.6,26.5,30,3,粉质粘土,14.1,8.0,粘土,#45B7D1,clay
BH068,69.3,46.6,26.5,30,4,细砂,19.6,14.1,砂土,#96CEB4,sand
BH068,69.3,46.6,26.5,30,5,中砂,24.6,19.6,砂土,#FECA57,sand
BH068,69.3,46.6,26.5,30,6,粗砂,29.1,24.6,砂土,#FF9FF3,sand
BH068,69.3,46.6,26.5,30,7,砾石层,30.0,29.1,砾石,#54A0FF,gravel
BH069,105.2,45.6,26.5,30,1,人工填土,3.0,0.0,填土,#FF6B6B,loose
BH069,105.2,45.6,26.5,30,2,淤泥质土,8.3,3.0,软土,#4ECDC4,soft
BH069,105.2,45.6,26.5,30,3,粉质粘土,15.0,8.3,粘土,#45B7D1,clay
BH069,105.2,45.6,26.5,30,4,细砂,20.0,15.0,砂土,#96CEB4,sand
BH069,105.2,45.6,26.5,30,5,中砂,25.4,20.0,砂土,#FECA57,sand
BH069,105.2,45.6,26.5,30,6,粗砂,29.6,25.4,砂土,#FF9FF3,sand
BH069,105.2,45.6,26.5,30,7,砾石层,30.0,29.6,砾石,#54A0FF,gravel
BH070,130.8,50.2,25.9,30,1,人工填土,2.7,0.0,填土,#FF6B6B,loose
BH070,130.8,50.2,25.9,30,2,淤泥质土,7.6,2.7,软土,#4ECDC4,soft
BH070,130.8,50.2,25.9,30,3,粉质粘土,14.0,7.6,粘土,#45B7D1,clay
BH070,130.8,50.2,25.9,30,4,细砂,18.7,14.0,砂土,#96CEB4,sand
BH070,130.8,50.2,25.9,30,5,中砂,23.5,18.7,砂土,#FECA57,sand
BH070,130.8,50.2,25.9,30,6,粗砂,27.8,23.5,砂土,#FF9FF3,sand
BH070,130.8,50.2,25.9,30,7,砾石层,30.0,27.8,砾石,#54A0FF,gravel
BH071,-139.9,74.6,25.9,30,1,人工填土,2.2,0.0,填土,#FF6B6B,loose
BH071,-139.9,74.6,25.9,30,2,淤泥质土,7.3,2.2,软土,#4ECDC4,soft
BH071,-139.9,74.6,25.9,30,3,粉质粘土,14.0,7.3,粘土,#45B7D1,clay
BH071,-139.9,74.6,25.9,30,4,细砂,19.4,14.0,砂土,#96CEB4,sand
BH071,-139.9,74.6,25.9,30,5,中砂,24.1,19.4,砂土,#FECA57,sand
BH071,-139.9,74.6,25.9,30,6,粗砂,28.5,24.1,砂土,#FF9FF3,sand
BH071,-139.9,74.6,25.9,30,7,砾石层,30.0,28.5,砾石,#54A0FF,gravel
BH072,-103.1,78.3,25.8,30,1,人工填土,2.3,0.0,填土,#FF6B6B,loose
BH072,-103.1,78.3,25.8,30,2,淤泥质土,7.0,2.3,软土,#4ECDC4,soft
BH072,-103.1,78.3,25.8,30,3,粉质粘土,13.1,7.0,粘土,#45B7D1,clay
BH072,-103.1,78.3,25.8,30,4,细砂,18.2,13.1,砂土,#96CEB4,sand
BH072,-103.1,78.3,25.8,30,5,中砂,23.6,18.2,砂土,#FECA57,sand
BH072,-103.1,78.3,25.8,30,6,粗砂,27.8,23.6,砂土,#FF9FF3,sand
BH072,-103.1,78.3,25.8,30,7,砾石层,30.0,27.8,砾石,#54A0FF,gravel
BH073,-72.8,80.1,25.6,30,1,人工填土,2.0,0.0,填土,#FF6B6B,loose
BH073,-72.8,80.1,25.6,30,2,淤泥质土,7.1,2.0,软土,#4ECDC4,soft
BH073,-72.8,80.1,25.6,30,3,粉质粘土,13.6,7.1,粘土,#45B7D1,clay
BH073,-72.8,80.1,25.6,30,4,细砂,18.9,13.6,砂土,#96CEB4,sand
BH073,-72.8,80.1,25.6,30,5,中砂,23.7,18.9,砂土,#FECA57,sand
BH073,-72.8,80.1,25.6,30,6,粗砂,28.1,23.7,砂土,#FF9FF3,sand
BH073,-72.8,80.1,25.6,30,7,砾石层,30.0,28.1,砾石,#54A0FF,gravel
BH074,-49.5,69.3,25.5,30,1,人工填土,2.6,0.0,填土,#FF6B6B,loose
BH074,-49.5,69.3,25.5,30,2,淤泥质土,7.3,2.6,软土,#4ECDC4,soft
BH074,-49.5,69.3,25.5,30,3,粉质粘土,13.8,7.3,粘土,#45B7D1,clay
BH074,-49.5,69.3,25.5,30,4,细砂,18.5,13.8,砂土,#96CEB4,sand
BH074,-49.5,69.3,25.5,30,5,中砂,23.3,18.5,砂土,#FECA57,sand
BH074,-49.5,69.3,25.5,30,6,粗砂,27.3,23.3,砂土,#FF9FF3,sand
BH074,-49.5,69.3,25.5,30,7,砾石层,30.0,27.3,砾石,#54A0FF,gravel
BH075,-6.8,67.5,25.9,30,1,人工填土,2.8,0.0,填土,#FF6B6B,loose
BH075,-6.8,67.5,25.9,30,2,淤泥质土,7.5,2.8,软土,#4ECDC4,soft
BH075,-6.8,67.5,25.9,30,3,粉质粘土,14.4,7.5,粘土,#45B7D1,clay
BH075,-6.8,67.5,25.9,30,4,细砂,19.6,14.4,砂土,#96CEB4,sand
BH075,-6.8,67.5,25.9,30,5,中砂,24.5,19.6,砂土,#FECA57,sand
BH075,-6.8,67.5,25.9,30,6,粗砂,28.9,24.5,砂土,#FF9FF3,sand
BH075,-6.8,67.5,25.9,30,7,砾石层,30.0,28.9,砾石,#54A0FF,gravel
BH076,7.8,73.8,25.8,30,1,人工填土,2.0,0.0,填土,#FF6B6B,loose
BH076,7.8,73.8,25.8,30,2,淤泥质土,7.4,2.0,软土,#4ECDC4,soft
BH076,7.8,73.8,25.8,30,3,粉质粘土,14.2,7.4,粘土,#45B7D1,clay
BH076,7.8,73.8,25.8,30,4,细砂,19.6,14.2,砂土,#96CEB4,sand
BH076,7.8,73.8,25.8,30,5,中砂,24.8,19.6,砂土,#FECA57,sand
BH076,7.8,73.8,25.8,30,6,粗砂,29.3,24.8,砂土,#FF9FF3,sand
BH076,7.8,73.8,25.8,30,7,砾石层,30.0,29.3,砾石,#54A0FF,gravel
BH077,50.5,80.6,25.9,30,1,人工填土,2.7,0.0,填土,#FF6B6B,loose
BH077,50.5,80.6,25.9,30,2,淤泥质土,7.5,2.7,软土,#4ECDC4,soft
BH077,50.5,80.6,25.9,30,3,粉质粘土,13.8,7.5,粘土,#45B7D1,clay
BH077,50.5,80.6,25.9,30,4,细砂,18.6,13.8,砂土,#96CEB4,sand
BH077,50.5,80.6,25.9,30,5,中砂,23.9,18.6,砂土,#FECA57,sand
BH077,50.5,80.6,25.9,30,6,粗砂,28.1,23.9,砂土,#FF9FF3,sand
BH077,50.5,80.6,25.9,30,7,砾石层,30.0,28.1,砾石,#54A0FF,gravel
BH078,84.3,69.9,25.9,30,1,人工填土,3.0,0.0,填土,#FF6B6B,loose
BH078,84.3,69.9,25.9,30,2,淤泥质土,7.8,3.0,软土,#4ECDC4,soft
BH078,84.3,69.9,25.9,30,3,粉质粘土,14.0,7.8,粘土,#45B7D1,clay
BH078,84.3,69.9,25.9,30,4,细砂,19.1,14.0,砂土,#96CEB4,sand
BH078,84.3,69.9,25.9,30,5,中砂,24.0,19.1,砂土,#FECA57,sand
BH078,84.3,69.9,25.9,30,6,粗砂,28.1,24.0,砂土,#FF9FF3,sand
BH078,84.3,69.9,25.9,30,7,砾石层,30.0,28.1,砾石,#54A0FF,gravel
BH079,98.2,71.3,26.0,30,1,人工填土,2.9,0.0,填土,#FF6B6B,loose
BH079,98.2,71.3,26.0,30,2,淤泥质土,8.0,2.9,软土,#4ECDC4,soft
BH079,98.2,71.3,26.0,30,3,粉质粘土,14.6,8.0,粘土,#45B7D1,clay
BH079,98.2,71.3,26.0,30,4,细砂,19.7,14.6,砂土,#96CEB4,sand
BH079,98.2,71.3,26.0,30,5,中砂,24.3,19.7,砂土,#FECA57,sand
BH079,98.2,71.3,26.0,30,6,粗砂,28.3,24.3,砂土,#FF9FF3,sand
BH079,98.2,71.3,26.0,30,7,砾石层,30.0,28.3,砾石,#54A0FF,gravel
BH080,130.9,83.4,26.1,30,1,人工填土,2.4,0.0,填土,#FF6B6B,loose
BH080,130.9,83.4,26.1,30,2,淤泥质土,7.1,2.4,软土,#4ECDC4,soft
BH080,130.9,83.4,26.1,30,3,粉质粘土,13.7,7.1,粘土,#45B7D1,clay
BH080,130.9,83.4,26.1,30,4,细砂,18.8,13.7,砂土,#96CEB4,sand
BH080,130.9,83.4,26.1,30,5,中砂,24.3,18.8,砂土,#FECA57,sand
BH080,130.9,83.4,26.1,30,6,粗砂,28.3,24.3,砂土,#FF9FF3,sand
BH080,130.9,83.4,26.1,30,7,砾石层,30.0,28.3,砾石,#54A0FF,gravel
BH081,-132.2,99.9,25.8,30,1,人工填土,2.9,0.0,填土,#FF6B6B,loose
BH081,-132.2,99.9,25.8,30,2,淤泥质土,7.5,2.9,软土,#4ECDC4,soft
BH081,-132.2,99.9,25.8,30,3,粉质粘土,14.2,7.5,粘土,#45B7D1,clay
BH081,-132.2,99.9,25.8,30,4,细砂,19.5,14.2,砂土,#96CEB4,sand
BH081,-132.2,99.9,25.8,30,5,中砂,24.0,19.5,砂土,#FECA57,sand
BH081,-132.2,99.9,25.8,30,6,粗砂,28.5,24.0,砂土,#FF9FF3,sand
BH081,-132.2,99.9,25.8,30,7,砾石层,30.0,28.5,砾石,#54A0FF,gravel
BH082,-101.1,114.2,26.3,30,1,人工填土,2.6,0.0,填土,#FF6B6B,loose
BH082,-101.1,114.2,26.3,30,2,淤泥质土,7.5,2.6,软土,#4ECDC4,soft
BH082,-101.1,114.2,26.3,30,3,粉质粘土,14.3,7.5,粘土,#45B7D1,clay
BH082,-101.1,114.2,26.3,30,4,细砂,19.3,14.3,砂土,#96CEB4,sand
BH082,-101.1,114.2,26.3,30,5,中砂,24.7,19.3,砂土,#FECA57,sand
BH082,-101.1,114.2,26.3,30,6,粗砂,28.7,24.7,砂土,#FF9FF3,sand
BH082,-101.1,114.2,26.3,30,7,砾石层,30.0,28.7,砾石,#54A0FF,gravel
BH083,-78.4,96.0,26.3,30,1,人工填土,2.7,0.0,填土,#FF6B6B,loose
BH083,-78.4,96.0,26.3,30,2,淤泥质土,8.1,2.7,软土,#4ECDC4,soft
BH083,-78.4,96.0,26.3,30,3,粉质粘土,14.2,8.1,粘土,#45B7D1,clay
BH083,-78.4,96.0,26.3,30,4,细砂,19.4,14.2,砂土,#96CEB4,sand
BH083,-78.4,96.0,26.3,30,5,中砂,24.4,19.4,砂土,#FECA57,sand
BH083,-78.4,96.0,26.3,30,6,粗砂,28.5,24.4,砂土,#FF9FF3,sand
BH083,-78.4,96.0,26.3,30,7,砾石层,30.0,28.5,砾石,#54A0FF,gravel
BH084,-50.9,99.4,26.3,30,1,人工填土,2.3,0.0,填土,#FF6B6B,loose
BH084,-50.9,99.4,26.3,30,2,淤泥质土,7.6,2.3,软土,#4ECDC4,soft
BH084,-50.9,99.4,26.3,30,3,粉质粘土,14.6,7.6,粘土,#45B7D1,clay
BH084,-50.9,99.4,26.3,30,4,细砂,19.7,14.6,砂土,#96CEB4,sand
BH084,-50.9,99.4,26.3,30,5,中砂,24.5,19.7,砂土,#FECA57,sand
BH084,-50.9,99.4,26.3,30,6,粗砂,28.7,24.5,砂土,#FF9FF3,sand
BH084,-50.9,99.4,26.3,30,7,砾石层,30.0,28.7,砾石,#54A0FF,gravel
BH085,-20.1,101.9,26.1,30,1,人工填土,2.1,0.0,填土,#FF6B6B,loose
BH085,-20.1,101.9,26.1,30,2,淤泥质土,7.6,2.1,软土,#4ECDC4,soft
BH085,-20.1,101.9,26.1,30,3,粉质粘土,14.0,7.6,粘土,#45B7D1,clay
BH085,-20.1,101.9,26.1,30,4,细砂,18.7,14.0,砂土,#96CEB4,sand
BH085,-20.1,101.9,26.1,30,5,中砂,23.9,18.7,砂土,#FECA57,sand
BH085,-20.1,101.9,26.1,30,6,粗砂,28.2,23.9,砂土,#FF9FF3,sand
BH085,-20.1,101.9,26.1,30,7,砾石层,30.0,28.2,砾石,#54A0FF,gravel
BH086,9.9,104.5,25.6,30,1,人工填土,2.8,0.0,填土,#FF6B6B,loose
BH086,9.9,104.5,25.6,30,2,淤泥质土,8.0,2.8,软土,#4ECDC4,soft
BH086,9.9,104.5,25.6,30,3,粉质粘土,14.9,8.0,粘土,#45B7D1,clay
BH086,9.9,104.5,25.6,30,4,细砂,20.1,14.9,砂土,#96CEB4,sand
BH086,9.9,104.5,25.6,30,5,中砂,24.9,20.1,砂土,#FECA57,sand
BH086,9.9,104.5,25.6,30,6,粗砂,29.2,24.9,砂土,#FF9FF3,sand
BH086,9.9,104.5,25.6,30,7,砾石层,30.0,29.2,砾石,#54A0FF,gravel
BH087,39.9,107.4,25.7,30,1,人工填土,2.6,0.0,填土,#FF6B6B,loose
BH087,39.9,107.4,25.7,30,2,淤泥质土,7.7,2.6,软土,#4ECDC4,soft
BH087,39.9,107.4,25.7,30,3,粉质粘土,13.9,7.7,粘土,#45B7D1,clay
BH087,39.9,107.4,25.7,30,4,细砂,18.9,13.9,砂土,#96CEB4,sand
BH087,39.9,107.4,25.7,30,5,中砂,24.3,18.9,砂土,#FECA57,sand
BH087,39.9,107.4,25.7,30,6,粗砂,28.4,24.3,砂土,#FF9FF3,sand
BH087,39.9,107.4,25.7,30,7,砾石层,30.0,28.4,砾石,#54A0FF,gravel
BH088,76.7,107.2,25.2,30,1,人工填土,2.3,0.0,填土,#FF6B6B,loose
BH088,76.7,107.2,25.2,30,2,淤泥质土,6.8,2.3,软土,#4ECDC4,soft
BH088,76.7,107.2,25.2,30,3,粉质粘土,13.7,6.8,粘土,#45B7D1,clay
BH088,76.7,107.2,25.2,30,4,细砂,19.1,13.7,砂土,#96CEB4,sand
BH088,76.7,107.2,25.2,30,5,中砂,24.2,19.1,砂土,#FECA57,sand
BH088,76.7,107.2,25.2,30,6,粗砂,28.3,24.2,砂土,#FF9FF3,sand
BH088,76.7,107.2,25.2,30,7,砾石层,30.0,28.3,砾石,#54A0FF,gravel
BH089,111.4,100.3,25.7,30,1,人工填土,2.4,0.0,填土,#FF6B6B,loose
BH089,111.4,100.3,25.7,30,2,淤泥质土,7.5,2.4,软土,#4ECDC4,soft
BH089,111.4,100.3,25.7,30,3,粉质粘土,13.6,7.5,粘土,#45B7D1,clay
BH089,111.4,100.3,25.7,30,4,细砂,18.5,13.6,砂土,#96CEB4,sand
BH089,111.4,100.3,25.7,30,5,中砂,23.2,18.5,砂土,#FECA57,sand
BH089,111.4,100.3,25.7,30,6,粗砂,27.3,23.2,砂土,#FF9FF3,sand
BH089,111.4,100.3,25.7,30,7,砾石层,30.0,27.3,砾石,#54A0FF,gravel
BH090,132.6,104.7,25.8,30,1,人工填土,2.7,0.0,填土,#FF6B6B,loose
BH090,132.6,104.7,25.8,30,2,淤泥质土,8.0,2.7,软土,#4ECDC4,soft
BH090,132.6,104.7,25.8,30,3,粉质粘土,14.1,8.0,粘土,#45B7D1,clay
BH090,132.6,104.7,25.8,30,4,细砂,19.2,14.1,砂土,#96CEB4,sand
BH090,132.6,104.7,25.8,30,5,中砂,24.3,19.2,砂土,#FECA57,sand
BH090,132.6,104.7,25.8,30,6,粗砂,28.6,24.3,砂土,#FF9FF3,sand
BH090,132.6,104.7,25.8,30,7,砾石层,30.0,28.6,砾石,#54A0FF,gravel
BH091,-134.4,133.1,26.1,30,1,人工填土,2.9,0.0,填土,#FF6B6B,loose
BH091,-134.4,133.1,26.1,30,2,淤泥质土,8.0,2.9,软土,#4ECDC4,soft
BH091,-134.4,133.1,26.1,30,3,粉质粘土,14.6,8.0,粘土,#45B7D1,clay
BH091,-134.4,133.1,26.1,30,4,细砂,19.1,14.6,砂土,#96CEB4,sand
BH091,-134.4,133.1,26.1,30,5,中砂,24.3,19.1,砂土,#FECA57,sand
BH091,-134.4,133.1,26.1,30,6,粗砂,28.6,24.3,砂土,#FF9FF3,sand
BH091,-134.4,133.1,26.1,30,7,砾石层,30.0,28.6,砾石,#54A0FF,gravel
BH092,-99.1,136.1,26.6,30,1,人工填土,2.5,0.0,填土,#FF6B6B,loose
BH092,-99.1,136.1,26.6,30,2,淤泥质土,7.4,2.5,软土,#4ECDC4,soft
BH092,-99.1,136.1,26.6,30,3,粉质粘土,13.6,7.4,粘土,#45B7D1,clay
BH092,-99.1,136.1,26.6,30,4,细砂,18.3,13.6,砂土,#96CEB4,sand
BH092,-99.1,136.1,26.6,30,5,中砂,23.3,18.3,砂土,#FECA57,sand
BH092,-99.1,136.1,26.6,30,6,粗砂,27.5,23.3,砂土,#FF9FF3,sand
BH092,-99.1,136.1,26.6,30,7,砾石层,30.0,27.5,砾石,#54A0FF,gravel
BH093,-72.6,127.3,26.8,30,1,人工填土,2.0,0.0,填土,#FF6B6B,loose
BH093,-72.6,127.3,26.8,30,2,淤泥质土,6.6,2.0,软土,#4ECDC4,soft
BH093,-72.6,127.3,26.8,30,3,粉质粘土,13.1,6.6,粘土,#45B7D1,clay
BH093,-72.6,127.3,26.8,30,4,细砂,18.5,13.1,砂土,#96CEB4,sand
BH093,-72.6,127.3,26.8,30,5,中砂,23.1,18.5,砂土,#FECA57,sand
BH093,-72.6,127.3,26.8,30,6,粗砂,27.2,23.1,砂土,#FF9FF3,sand
BH093,-72.6,127.3,26.8,30,7,砾石层,30.0,27.2,砾石,#54A0FF,gravel
BH094,-35.8,133.8,26.3,30,1,人工填土,2.8,0.0,填土,#FF6B6B,loose
BH094,-35.8,133.8,26.3,30,2,淤泥质土,7.5,2.8,软土,#4ECDC4,soft
BH094,-35.8,133.8,26.3,30,3,粉质粘土,13.5,7.5,粘土,#45B7D1,clay
BH094,-35.8,133.8,26.3,30,4,细砂,18.9,13.5,砂土,#96CEB4,sand
BH094,-35.8,133.8,26.3,30,5,中砂,24.0,18.9,砂土,#FECA57,sand
BH094,-35.8,133.8,26.3,30,6,粗砂,28.3,24.0,砂土,#FF9FF3,sand
BH094,-35.8,133.8,26.3,30,7,砾石层,30.0,28.3,砾石,#54A0FF,gravel
BH095,-15.0,137.8,26.1,30,1,人工填土,2.2,0.0,填土,#FF6B6B,loose
BH095,-15.0,137.8,26.1,30,2,淤泥质土,7.1,2.2,软土,#4ECDC4,soft
BH095,-15.0,137.8,26.1,30,3,粉质粘土,13.2,7.1,粘土,#45B7D1,clay
BH095,-15.0,137.8,26.1,30,4,细砂,18.4,13.2,砂土,#96CEB4,sand
BH095,-15.0,137.8,26.1,30,5,中砂,23.4,18.4,砂土,#FECA57,sand
BH095,-15.0,137.8,26.1,30,6,粗砂,27.7,23.4,砂土,#FF9FF3,sand
BH095,-15.0,137.8,26.1,30,7,砾石层,30.0,27.7,砾石,#54A0FF,gravel
BH096,8.4,136.9,25.7,30,1,人工填土,3.0,0.0,填土,#FF6B6B,loose
BH096,8.4,136.9,25.7,30,2,淤泥质土,8.1,3.0,软土,#4ECDC4,soft
BH096,8.4,136.9,25.7,30,3,粉质粘土,14.7,8.1,粘土,#45B7D1,clay
BH096,8.4,136.9,25.7,30,4,细砂,19.9,14.7,砂土,#96CEB4,sand
BH096,8.4,136.9,25.7,30,5,中砂,25.3,19.9,砂土,#FECA57,sand
BH096,8.4,136.9,25.7,30,6,粗砂,29.6,25.3,砂土,#FF9FF3,sand
BH096,8.4,136.9,25.7,30,7,砾石层,30.0,29.6,砾石,#54A0FF,gravel
BH097,41.7,136.5,25.3,30,1,人工填土,2.1,0.0,填土,#FF6B6B,loose
BH097,41.7,136.5,25.3,30,2,淤泥质土,6.8,2.1,软土,#4ECDC4,soft
BH097,41.7,136.5,25.3,30,3,粉质粘土,13.7,6.8,粘土,#45B7D1,clay
BH097,41.7,136.5,25.3,30,4,细砂,18.5,13.7,砂土,#96CEB4,sand
BH097,41.7,136.5,25.3,30,5,中砂,23.9,18.5,砂土,#FECA57,sand
BH097,41.7,136.5,25.3,30,6,粗砂,28.0,23.9,砂土,#FF9FF3,sand
BH097,41.7,136.5,25.3,30,7,砾石层,30.0,28.0,砾石,#54A0FF,gravel
BH098,81.3,130.1,25.0,30,1,人工填土,2.1,0.0,填土,#FF6B6B,loose
BH098,81.3,130.1,25.0,30,2,淤泥质土,7.4,2.1,软土,#4ECDC4,soft
BH098,81.3,130.1,25.0,30,3,粉质粘土,13.4,7.4,粘土,#45B7D1,clay
BH098,81.3,130.1,25.0,30,4,细砂,18.4,13.4,砂土,#96CEB4,sand
BH098,81.3,130.1,25.0,30,5,中砂,23.1,18.4,砂土,#FECA57,sand
BH098,81.3,130.1,25.0,30,6,粗砂,27.1,23.1,砂土,#FF9FF3,sand
BH098,81.3,130.1,25.0,30,7,砾石层,30.0,27.1,砾石,#54A0FF,gravel
BH099,98.2,128.9,25.1,30,1,人工填土,2.1,0.0,填土,#FF6B6B,loose
BH099,98.2,128.9,25.1,30,2,淤泥质土,6.9,2.1,软土,#4ECDC4,soft
BH099,98.2,128.9,25.1,30,3,粉质粘土,13.2,6.9,粘土,#45B7D1,clay
BH099,98.2,128.9,25.1,30,4,细砂,18.3,13.2,砂土,#96CEB4,sand
BH099,98.2,128.9,25.1,30,5,中砂,23.5,18.3,砂土,#FECA57,sand
BH099,98.2,128.9,25.1,30,6,粗砂,27.8,23.5,砂土,#FF9FF3,sand
BH099,98.2,128.9,25.1,30,7,砾石层,30.0,27.8,砾石,#54A0FF,gravel
BH100,133.6,130.8,25.2,30,1,人工填土,2.1,0.0,填土,#FF6B6B,loose
BH100,133.6,130.8,25.2,30,2,淤泥质土,7.4,2.1,软土,#4ECDC4,soft
BH100,133.6,130.8,25.2,30,3,粉质粘土,13.8,7.4,粘土,#45B7D1,clay
BH100,133.6,130.8,25.2,30,4,细砂,18.9,13.8,砂土,#96CEB4,sand
BH100,133.6,130.8,25.2,30,5,中砂,24.4,18.9,砂土,#FECA57,sand
BH100,133.6,130.8,25.2,30,6,粗砂,28.9,24.4,砂土,#FF9FF3,sand
BH100,133.6,130.8,25.2,30,7,砾石层,30.0,28.9,砾石,#54A0FF,gravel
